bt	direction	reaction	envipath_url
3568	f	4	R00033
1196	f	5	R00072
4141	f	6	R00085
4141	f	7	R00086
4141	f	7	R10531
4141	f	8	R00087
4141	f	12	R00103
4141	f	17	R00118
4141	f	19	R00122
4141	f	22	R00128
4141	f	30	R00140
4141	f	34	R00155
4141	f	39	R00160
4141	f	41	R00173
3501	f	45	R00178
4141	f	50	R00183
4141	f	51	R00184
4141	f	53	R00187
4141	f	54	R00188
4141	f	56	R00191
4141	f	67	R00208
2853	f	67	R00208
1196	f	82	R00228
3573	f	85	R00233
4141	f	87	R00236
3943	f	88	R00237
3938	f	90	R00243
1196	f	91	R00245
3938	f	92	R00248
3938	f	93	R00250
4013	f	94	R00251
3501	f	101	R00261
1196	f	103	R00264
2982	f	104	R00265
3456	f	107	R00269
3938	f	111	R00277
3568	f	112	R00278
3938	f	113	R00279
4141	f	114	R00287
3673	f	119	R00300
3673	f	121	R00302
4141	f	122	R00303
4141	f	123	R00304
4141	f	128	R00317
3336	f	129	R00318
3456	f	132	R00321
4141	f	133	R00322
3577	f	134	R00324
3943	f	135	R00325
2218	f	136	R00327
4141	f	137	R00328
4141	f	140	R00336
4141	f	141	R00337
3673	f	146	R00342
3673	f	147	R00343
3456	f	152	R00348
3943	f	153	R00350
3943	f	154	R00351
3943	f	155	R00352
3938	f	158	R00357
3938	f	159	R00359
3673	f	160	R00360
3943	f	161	R00362
3938	f	163	R00365
3938	f	164	R00366
3938	f	166	R00368
3938	f	171	R00396
3943	f	181	R00409
4013	f	183	R00411
4141	f	189	R00426
3938	f	197	R00446
3938	f	198	R00447
3501	f	201	R00451
3938	f	202	R00452
4013	f	206	R00458
3501	f	209	R00462
4013	f	210	R00463
3568	f	211	R00465
1196	f	212	R00466
1196	f	213	R00468
4295	f	214	R00469
3568	f	220	R00475
3564	f	227	R00484
4292	f	228	R00486
4013	f	230	R00488
3501	f	231	R00489
4013	f	234	R00494
3638	f	236	R00499
4141	f	242	R00508
4141	f	245	R00511
4141	f	248	R00514
4141	f	249	R00515
4013	f	257	R00525
3907	f	257	R00525
4013	f	258	R00526
3907	f	258	R00526
3638	f	259	R00527
3211	f	265	R00534
4141	f	269	R00548
3938	f	277	R00562
3938	f	278	R00563
3501	f	280	R00566
4141	f	283	R00569
3938	f	292	R00581
4141	f	293	R00582
3938	f	305	R00610
3938	f	306	R00612
4141	f	307	R00615
4141	f	310	R00618
3673	f	313	R00643
3673	f	314	R00644
3232	f	315	R00647
3938	f	316	R00648
4013	f	321	R00653
3907	f	321	R00653
3501	f	324	R00656
4141	f	329	R00662
3564	f	330	R00665
3938	f	331	R00666
4013	f	334	R00669
3501	f	335	R00670
3938	f	340	R00675
3938	f	341	R00676
3938	f	342	R00677
3501	f	348	R00685
3938	f	350	R00688
3938	f	351	R00689
3501	f	360	R00699
3673	f	362	R00703
3673	f	363	R00704
1196	f	369	R00710
1196	f	370	R00711
1196	f	371	R00713
1196	f	372	R00714
3938	f	373	R00715
3938	f	374	R00716
3568	f	375	R00717
4141	f	376	R00719
4141	f	377	R00720
4141	f	379	R00723
3938	f	385	R00729
4215	f	386	R00731
3501	f	391	R00736
1196	f	394	R00740
3568	f	397	R00746
3336	f	398	R00747
3568	f	404	R00754
4141	f	410	R00762
4295	f	423	R00776
4141	f	433	R00805
3673	f	435	R00807
3670	f	438	R00812
2690.1	f	438	R00812
3667	f	438	R00812
3469.1	f	439	R00813
2685	f	439	R00813
3670	f	440	R00814
2690.1	f	440	R00814
3667	f	440	R00814
4215	f	441	R00815
4224.1	f	443	R00817
4170	f	444	R00818
3151	f	445	R00821
3151	f	446	R00822
4170	f	447	R00823
4170	f	448	R00825
3673	f	455	R00835
4141	f	460	R00841
3673	f	461	R00842
3673	f	462	R00844
3568	f	463	R00845
3673	f	464	R00846
3673	f	466	R00848
3744	f	472	R00863
3673	f	477	R00871
4141	f	478	R00872
4141	f	484	R00881
3651	f	490	R00893
1196	f	498	R00904
3564	f	499	R00905
3938	f	500	R00906
4013	f	503	R00909
4013	f	505	R00911
3573	f	513	R00923
4141	f	515	R00926
3943	f	519	R00931
4011	f	525	R00941
4011	f	528	R00944
4141	f	531	R00947
4141	f	534	R00951
4141	f	541	R00961
4141	f	543	R00963
3151	f	545	R00965
4141	f	549	R00969
3151	f	551	R00973
4171	f	556	R00980
4013	f	563	R00988
3907	f	563	R00988
3151	f	565	R00990
3573	f	568	R00995
3673	f	572	R01000
4141	f	574	R01010
3568	f	582	R01022
2218	f	584	R01026
3211	f	586	R01028
4141	f	587	R01030
4172	f	589	R01033
3673	f	590	R01034
3568	f	591	R01036
3673	f	592	R01039
3568	f	593	R01041
4141	f	594	R01043
1196	f	606	R01058
3456	f	620	R01076
4013	f	621	R01077
3577	f	627	R01085
3938	f	630	R01088
3673	f	638	R01096
3568	f	641	R01099
4141	f	650	R01126
2218	f	664	R01144
3938	f	668	R01151
3564	f	669	R01152
4013	f	673	R01156
1196	f	678	R01163
4013	f	680	R01166
3501	f	681	R01167
2844	f	683	R01171
1196	f	684	R01172
1196	f	685	R01173
3530	f	691	R01181
3673	f	692	R01183
4141	f	694	R01185
4141	f	695	R01186
4141	f	696	R01187
4141	f	701	R01193
4013	f	703	R01200
2982	f	711	R01210
3938	f	713	R01212
3943	f	714	R01213
4141	f	722	R01227
4141	f	727	R01232
4141	f	729	R01234
3151	f	730	R01238
3211	f	735	R01243
3673	f	745	R01257
3456	f	747	R01268
1196	f	753	R01277
1196	f	764	R01293
1196	f	765	R01294
4215	f	766	R01296
2675	f	767	R01297
4215	f	768	R01298
2675	f	769	R01299
3668	f	775	R01307
1196	f	782	R01333
4141	f	783	R01334
3943	f	791	R01360
3673	f	792	R01361
3673	f	797	R01370
3673	f	798	R01371
3673	f	809	R01388
3673	f	810	R01392
1196	f	828	R01420
4141	f	829	R01421
4141	f	831	R01423
4013	f	832	R01424
4013	f	833	R01425
3673	f	834	R01429
3673	f	835	R01430
3938	f	838	R01434
3501	f	839	R01437
3673	f	842	R01442
1196	f	845	R01446
3211	f	847	R01448
3673	f	857	R01465
3938	f	861	R01469
4141	f	862	R01470
3568	f	872	R01488
1196	f	873	R01489
3568	f	875	R01491
4312	f	878	R01505
3670	f	878	R01505
2690.1	f	878	R01505
3667	f	878	R01505
4141	f	881	R01511
3673	f	883	R01513
4141	f	885	R01515
2218	f	888	R01519
3673	f	889	R01520
3673	f	890	R01521
3673	f	891	R01522
3673	f	893	R01524
3673	f	894	R01525
4254	f	899	R01533
3673	f	904	R01542
3568	f	905	R01543
4141	f	919	R01562
3564	f	920	R01563
3938	f	921	R01564
4141	f	925	R01569
3456	f	933	R01579
3938	f	937	R01584
4013	f	940	R01587
1196	f	950	R01604
1196	f	951	R01607
3568	f	952	R01608
1196	f	955	R01615
4215	f	963	R01628
4224.1	f	964	R01631
3469.1	f	966	R01633
2685	f	966	R01633
3151	f	967	R01634
3023	f	967	R01634
3151	f	968	R01635
3022	f	968	R01635
4173	f	969	R01636
3568	f	972	R01644
2982	f	977	R01651
4141	f	987	R01664
4141	f	990	R01667
4141	f	991	R01668
4263	f	997	R01681
3501	f	998	R01682
3938	f	999	R01683
2844	f	1003	R01689
4141	f	1004	R01690
1196	f	1009	R01704
3568	f	1011	R01708
1196	f	1012	R01709
3938	f	1013	R01710
4165.2	f	1021	R01720
1196	f	1029	R01735
3673	f	1032	R01738
3673	f	1033	R01739
3673	f	1034	R01740
3673	f	1035	R01741
3568	f	1036	R01745
3568	f	1037	R01747
4141	f	1038	R01748
1196	f	1042	R01752
3573	f	1048	R01764
3568	f	1055	R01773
3568	f	1056	R01775
3568	f	1059	R01781
4141	f	1065	R01788
4141	f	1070	R01805
3673	f	1075	R01813
3673	f	1087	R01836
3673	f	1088	R01838
4141	f	1091	R01845
4141	f	1094	R01855
4141	f	1095	R01856
3151	f	1099	R01860
3673	f	1106	R01872
4141	f	1110	R01877
4255	f	1115	R01882
4013	f	1117	R01884
4292	f	1120	R01887
3673	f	1127	R01899
3568	f	1137	R01910
4013	f	1141	R01918
3673	f	1144	R01921
3456	f	1145	R01922
1196	f	1158	R01941
4013	f	1168	R01959
3907	f	1168	R01959
4271	f	1172	R01963
4141	f	1176	R01968
3673	f	1181	R01975
3673	f	1182	R01976
3673	f	1183	R01977
3943	f	1184	R01978
1196	f	1187	R01986
4013	f	1192	R01992
4013	f	1193	R01993
3673	f	1202	R02032
3673	f	1203	R02034
2218	f	1204	R02035
3568	f	1208	R02047
4013	f	1211	R02059
3501	f	1221	R02080
4141	f	1226	R02088
4141	f	1230	R02092
4141	f	1233	R02095
4141	f	1238	R02100
4141	f	1240	R02102
4136	f	1241	R02103
4136	f	1243	R02107
1196	f	1247	R02123
3568	f	1248	R02124
1196	f	1249	R02125
4141	f	1252	R02135
4013	f	1255	R02139
4141	f	1262	R02148
3938	f	1263	R02150
4141	f	1271	R02167
3938	f	1275	R02173
3673	f	1278	R02177
3580	f	1279	R02178
1196	f	1281	R02193
3938	f	1284	R02196
3938	f	1285	R02197
3673	f	1292	R02207
3673	f	1294	R02209
1196	f	1296	R02220
4141	f	1301	R02228
4150	f	1303	R02231
3943	f	1304	R02232
3938	f	1305	R02233
3568	f	1319	R02257
3568	f	1320	R02258
3568	f	1321	R02259
4013	f	1330	R02269
3456	f	1333	R02273
4013	f	1335	R02276
4013	f	1341	R02284
3938	f	1362	R02313
3938	f	1363	R02315
3456	f	1365	R02322
4141	f	1366	R02323
4141	f	1373	R02330
3673	f	1380	R02347
3673	f	1381	R02349
3673	f	1383	R02352
3673	f	1384	R02353
4215	f	1385	R02354
4215	f	1386	R02355
2218	f	1390	R02368
4141	f	1391	R02370
3673	f	1394	R02373
3568	f	1397	R02377
2218	f	1401	R02381
3673	f	1408	R02395
1196	f	1412	R02401
3673	f	1423	R02413
3806	f	1426	R02417
3564	f	1429	R02423
4013	f	1430	R02425
2218	f	1432	R02427
2218	f	1433	R02428
4164	f	1444	R02449
2982	f	1445	R02450
3938	f	1451	R02457
3568	f	1454	R02462
3501	f	1457	R02466
3651	f	1458	R02467
3568	f	1459	R02471
3673	f	1460	R02472
4013	f	1462	R02474
3673	f	1463	R02476
3673	f	1464	R02477
3151	f	1472	R02489
1196	f	1481	R02506
4011	f	1483	R02509
3381	f	1486	R02514
3707	f	1487	R02515
3381	f	1488	R02516
3707	f	1489	R02517
2218	f	1495	R02526
3673	f	1496	R02527
3938	f	1498	R02529
3673	f	1500	R02531
3938	f	1501	R02532
1196	f	1504	R02536
1196	f	1505	R02537
3456	f	1507	R02540
3673	f	1512	R02548
1196	f	1513	R02549
3673	f	1516	R02553
4150	f	1517	R02554
2675	f	1522	R02561
2675	f	1523	R02562
4271	f	1525	R02564
1196	f	1526	R02565
1196	f	1527	R02566
3568	f	1534	R02577
3673	f	1535	R02580
3673	f	1536	R02581
4141	f	1537	R02587
3707	f	1538	R02589
4141	f	1540	R02591
3568	f	1541	R02593
3568	f	1553	R02611
3938	f	1554	R02613
3026	f	1555	R02615
3938	f	1556	R02618
3673	f	1562	R02637
3673	f	1563	R02639
3673	f	1564	R02640
4141	f	1567	R02648
1196	f	1569	R02655
3151	f	1578	R02669
3573	f	1580	R02672
4141	f	1583	R02677
1196	f	1584	R02678
3568	f	1585	R02679
3568	f	1586	R02680
1196	f	1587	R02681
3673	f	1588	R02683
3673	f	1589	R02684
1196	f	1590	R02695
1196	f	1591	R02697
4215	f	1592	R02698
3501	f	1595	R02701
3456	f	1602	R02712
2218	f	1603	R02714
3673	f	1604	R02715
4141	f	1605	R02719
4141	f	1606	R02720
4141	f	1611	R02730
4141	f	1612	R02731
4013	f	1614	R02733
4013	f	1615	R02734
3673	f	1617	R02736
4141	f	1624	R02750
3938	f	1627	R02755
1196	f	1628	R02762
3673	f	1634	R02776
3673	f	1635	R02777
4141	f	1636	R02778
3673	f	1642	R02792
3673	f	1643	R02793
4013	f	1645	R02797
3673	f	1646	R02799
3673	f	1647	R02800
4141	f	1648	R02805
4141	f	1653	R02817
3707	f	1655	R02830
3151	f	1656	R02831
3673	f	1657	R02832
3673	f	1658	R02834
3673	f	1659	R02836
4141	f	1668	R02853
3673	f	1669	R02855
4141	f	1677	R02866
3568	f	1682	R02877
3568	f	1683	R02878
3938	f	1695	R02908
3938	f	1701	R02919
3938	f	1705	R02923
4013	f	1711	R02930
2218	f	1714	R02933
3456	f	1718	R02938
1196	f	1719	R02940
1196	f	1720	R02941
2218	f	1721	R02942
3673	f	1723	R02944
3673	f	1724	R02945
3673	f	1725	R02946
3573	f	1726	R02948
3501	f	1726	R02948
3673	f	1735	R02969
3501	f	1738	R02972
4013	f	1739	R02973
3673	f	1741	R02975
3673	f	1743	R02978
2218	f	1753	R02992
3673	f	1754	R02994
4150	f	1755	R02995
4141	f	1760	R03004
3568	f	1762	R03012
4141	f	1763	R03013
3673	f	1766	R03021
3673	f	1767	R03022
4215	f	1768	R03023
2854	f	1769	R03024
2218	f	1777	R03034
4141	f	1779	R03036
3361	f	1780	R03037
3568	f	1782	R03043
3568	f	1786	R03048
2218	f	1787	R03049
4013	f	1793	R03055
2218	f	1798	R03062
2218	f	1800	R03064
3568	f	1809	R03080
4215	f	1813	R03088
4215	f	1815	R03090
4292	f	1817	R03093
3456	f	1820	R03096
1196	f	1823	R03102
1196	f	1824	R03103
3673	f	1825	R03104
3673	f	1828	R03114
3568	f	1829	R03119
3673	f	1830	R03123
3938	f	1840	R03139
3673	f	1845	R03155
2982	f	1852	R03171
3673	f	1853	R03176
1196	f	1854	R03177
3456	f	1856	R03180
3568	f	1859	R03183
3673	f	1860	R03184
4013	f	1861	R03187
1196	f	1868	R03198
3938	f	1871	R03202
3577	f	1875	R03211
3211	f	1878	R03216
3673	f	1883	R03226
3673	f	1884	R03227
3673	f	1888	R03234
4224.1	f	1898	R03246
3151	f	1899	R03247
2690.3	f	1901	R03251
2690.2	f	1901	R03251
3673	f	1906	R03261
3568	f	1907	R03264
3501	f	1912	R03269
3673	f	1917	R03278
3673	f	1918	R03279
4150	f	1919	R03281
1196	f	1920	R03283
4013	f	1923	R03288
3673	f	1925	R03290
3673	f	1927	R03292
4215	f	1932	R03299
1196	f	1933	R03300
1196	f	1934	R03302
2884	f	1937	R03306
3673	f	1947	R03325
4141	f	1948	R03330
4141	f	1949	R03331
4141	f	1950	R03333
3673	f	1951	R03337
3673	f	1952	R03339
4141	f	1957	R03346
4141	f	1958	R03347
3938	f	1960	R03349
4141	f	1961	R03350
3673	f	1965	R03357
4215	f	1971	R03369
4141	f	1972	R03371
4141	f	1973	R03372
3673	f	1974	R03373
1196	f	1978	R03381
4300	f	1981	R03385
4300	f	1982	R03386
4141	f	1988	R03393
4141	f	1989	R03394
3673	f	1991	R03396
3673	f	1992	R03397
3673	f	1993	R03398
3673	f	1994	R03399
3211	f	1997	R03404
3673	f	1999	R03406
3673	f	2000	R03407
4141	f	2001	R03409
4013	f	2003	R03421
4141	f	2004	R03427
4141	f	2007	R03430
3673	f	2008	R03431
4141	f	2010	R03434
4013	f	2015	R03448
3151	f	2022	R03461
3393	f	2035	R03494
4141	f	2037	R03496
3673	f	2038	R03497
3673	f	2039	R03498
3211	f	2047	R03517
3211	f	2048	R03518
3673	f	2049	R03520
4141	f	2053	R03531
3673	f	2054	R03534
4141	f	2056	R03537
4141	f	2057	R03538
3674	f	2058	R03539
4292	f	2060	R03542
4224.1	f	2068	R03550
4163	f	2072	R03560
4164	f	2073	R03562
2218	f	2074	R03563
4215	f	2076	R03566
3151	f	2077	R03567
4215	f	2078	R03568
3568	f	2080	R03572
3568	f	2084	R03577
4013	f	2085	R03579
3568	f	2086	R03581
3673	f	2087	R03582
3673	f	2088	R03583
3673	f	2089	R03586
3673	f	2094	R03591
3673	f	2095	R03592
4292	f	2096	R03593
4215	f	2103	R03608
2218	f	2104	R03612
4013	f	2107	R03620
2218	f	2111	R03624
3673	f	2121	R03636
2218	f	2125	R03641
3673	f	2127	R03667
1129	f	2135	R03689
2218	f	2137	R03692
3673	f	2146	R03707
2218	f	2147	R03708
4180	f	2150	R03712
3673	f	2152	R03716
3938	f	2161	R03732
3673	f	2162	R03733
3943	f	2163	R03735
3673	f	2169	R03745
2218	f	2172	R03751
3673	f	2173	R03753
3673	f	2175	R03759
2032	f	2176	R03761
4141	f	2177	R03762
2218	f	2182	R03772
3577	f	2189	R03781
3673	f	2193	R03790
3673	f	2195	R03792
2218	f	2202	R03803
4013	f	2204	R03810
3673	f	2212	R03827
3673	f	2217	R03847
3673	f	2218	R03848
3943	f	2222	R03859
1196	f	2225	R03869
3673	f	2230	R03879
3568	f	2237	R03886
1196	f	2239	R03889
2218	f	2241	R03893
3859	f	2244	R03898
3938	f	2245	R03899
3568	f	2250	R03918
4141	f	2254	R03929
4013	f	2258	R03935
3673	f	2262	R03942
3568	f	2264	R03945
3568	f	2273	R03963
4215	f	2274	R03964
4141	f	2278	R03969
3674	f	2281	R03973
4013	f	2283	R03975
4013	f	2284	R03977
3211	f	2285	R03980
4215	f	2291	R03997
3938	f	2302	R04025
4141	f	2310	R04035
3673	f	2316	R04048
3673	f	2317	R04049
4013	f	2321	R04056
4224.1	f	2324	R04061
1196	f	2325	R04065
4312	f	2331	R04088
3670	f	2331	R04088
2690.1	f	2331	R04088
3667	f	2331	R04088
925	f	2334	R04093
2844	f	2336	R04095
3673	f	2337	R04099
3668	f	2339	R04101
4013	f	2341	R04103
3673	f	2342	R04105
3673	f	2343	R04106
4013	f	2346	R04113
2690.3	f	2347	R04115
2690.2	f	2347	R04115
2218	f	2349	R04119
3657	f	2351	R04130
3859	f	2352	R04131
3859	f	2353	R04132
3093	f	2354	R04133
3501	f	2356	R04135
3568	f	2357	R04136
3673	f	2360	R04139
4292	f	2361	R04140
2218	f	2362	R04141
2690.3	f	2369	R04151
2690.2	f	2369	R04151
4141	f	2377	R04167
3501	f	2381	R04172
4013	f	2383	R04174
3673	f	2386	R04185
3673	f	2387	R04186
3803	f	2391	R04198
3803	f	2392	R04199
3938	f	2393	R04200
3938	f	2394	R04201
2218	f	2395	R04202
3673	f	2396	R04203
3151	f	2401	R04209
3673	f	2402	R04210
3673	f	2417	R04236
1196	f	2422	R04251
3582	f	2423	R04256
4215	f	2424	R04257
4224.1	f	2425	R04258
3673	f	2430	R04265
3673	f	2435	R04278
3673	f	2436	R04279
3673	f	2438	R04285
3568	f	2444	R04304
925	f	2446	R04306
3673	f	2447	R04307
3673	f	2448	R04309
3673	f	2449	R04310
4141	f	2450	R04317
3673	f	2455	R04330
3673	f	2462	R04344
4292	f	2466	R04349
3673	f	2476	R04370
4141	f	2478	R04372
3673	f	2480	R04375
1871.1	f	2483	R04379
3673	f	2486	R04387
3673	f	2495	R04412
1196	f	2496	R04419
3673	f	2501	R04426
3673	f	2507	R04440
4013	f	2526	R04486
4013	f	2527	R04487
3769	f	2528	R04488
2218	f	2529	R04490
1196	f	2532	R04506
3673	f	2538	R04517
3673	f	2539	R04518
899	f	2541	R04522
2218	f	2544	R04525
4141	f	2553	R04549
3673	f	2554	R04552
4300	f	2561	R04570
4013	f	2568	R04587
4141	f	2571	R04594
2218	f	2579	R04608
2173	f	2580	R04609
4013	f	2581	R04611
4141	f	2585	R04620
3673	f	2587	R04623
4141	f	2588	R04638
3564	f	2594	R04666
3938	f	2598	R04674
3673	f	2599	R04681
3673	f	2600	R04682
3938	f	2603	R04687
3938	f	2604	R04688
3673	f	2608	R04697
3673	f	2623	R04737
3673	f	2625	R04739
3673	f	2627	R04741
3673	f	2629	R04743
3673	f	2631	R04745
3673	f	2634	R04748
3673	f	2638	R04758
4141	f	2649	R04780
2218	f	2653	R04785
2173	f	2656	R04791
2173	f	2657	R04792
2173	f	2658	R04794
3568	f	2661	R04805
3859	f	2662	R04809
3673	f	2663	R04810
3673	f	2665	R04812
3673	f	2668	R04818
3673	f	2669	R04819
3673	f	2671	R04824
3673	f	2672	R04825
3673	f	2673	R04829
3673	f	2675	R04831
3673	f	2676	R04832
3673	f	2677	R04833
3673	f	2678	R04834
3673	f	2679	R04835
3673	f	2680	R04836
3673	f	2681	R04837
3673	f	2682	R04838
3673	f	2683	R04840
3673	f	2684	R04842
3673	f	2685	R04843
3673	f	2686	R04844
3673	f	2687	R04845
3673	f	2688	R04846
3673	f	2689	R04847
3564	f	2690	R04857
3673	f	2692	R04862
3568	f	2696	R04880
1196	f	2702	R04888
1196	f	2703	R04889
3938	f	2704	R04890
1196	f	2705	R04891
1196	f	2706	R04892
3938	f	2707	R04893
3938	f	2708	R04894
3858	f	2709	R04895
3673	f	2711	R04901
1196	f	2712	R04903
1196	f	2713	R04904
1129	f	2719	R04910
4013	f	2720	R04911
3907	f	2720	R04911
1196	f	2722	R04916
1196	f	2723	R04917
3568	f	2724	R04919
4215	f	2736	R04980
3151	f	2740	R04986
4215	f	2741	R04987
1196	f	2746	R04996
3673	f	2753	R05038
4013	f	2755	R05046
3907	f	2755	R05046
1196	f	2757	R05049
1196	f	2758	R05050
4013	f	2762	R05055
3943	f	2764	R05063
3568	f	2766	R05066
3673	f	2767	R05068
4141	f	2776	R05086
3501	f	2777	R05087
1196	f	2780	R05099
3673	f	2783	R05124
4141	f	2788	R05135
4215	f	2796	R05154
4171	f	2798	R05156
4013	f	2804	R05168
3564	f	2806	R05170
3664	f	2807	R05171
4141	f	2814	R05202
3568	f	2831	R05231
3568	f	2832	R05233
3568	f	2833	R05234
1196	f	2834	R05235
1196	f	2836	R05237
1196	f	2837	R05238
4312	f	2838	R05239
3670	f	2838	R05239
2690.1	f	2838	R05239
3667	f	2838	R05239
3670	f	2839	R05240
2690.1	f	2839	R05240
3667	f	2839	R05240
4312	f	2840	R05241
3670	f	2840	R05241
2690.1	f	2840	R05241
3667	f	2840	R05241
1877	f	2841	R05243
3557	f	2842	R05244
3707	f	2847	R05249
470	f	2856	R05265
3568	f	2857	R05271
1196	f	2858	R05272
3854	f	2860	R05274
3670	f	2861	R05275
2690.1	f	2861	R05275
3667	f	2861	R05275
4224.1	f	2864	R05278
4171	f	2865	R05279
3571	f	2867	R05281
3568	f	2868	R05282
3568	f	2869	R05283
2833	f	2870	R05284
1196	f	2871	R05286
2833	f	2872	R05287
1196	f	2873	R05289
4173	f	2878	R05294
3858	f	2881	R05297
3673	f	2886	R05305
3469.1	f	2889	R05309
2685	f	2889	R05309
2690.3	f	2890	R05310
2690.2	f	2890	R05310
2690.3	f	2892	R05312
2690.2	f	2892	R05312
4312	f	2893	R05313
3670	f	2893	R05313
2690.1	f	2893	R05313
3667	f	2893	R05313
3673	f	2895	R05315
3938	f	2905	R05334
3568	f	2910	R05347
3568	f	2911	R05348
3673	f	2912	R05349
3673	f	2913	R05350
3640	f	2915	R05352
3673	f	2915	R05352
1196	f	2916	R05353
4312	f	2917	R05354
3670	f	2917	R05354
2690.1	f	2917	R05354
3667	f	2917	R05354
3674	f	2918	R05355
4013	f	2919	R05356
4292	f	2921	R05358
2218	f	2924	R05361
3769	f	2926	R05363
2833	f	2930	R05367
2833	f	2931	R05368
3573	f	2936	R05373
3151	f	2938	R05375
899	f	2947	R05384
899	f	2948	R05385
1871.1	f	2952	R05389
3670	f	2958	R05395
2690.1	f	2958	R05395
3667	f	2958	R05395
3670	f	2959	R05396
2690.1	f	2959	R05396
3667	f	2959	R05396
3670	f	2960	R05397
2690.1	f	2960	R05397
3667	f	2960	R05397
3557	f	2961	R05399
2448	f	2962	R05400
4082	f	2962	R05400
4224.1	f	2967	R05407
4224.1	f	2969	R05409
4081	f	2974	R05414
3854	f	2978	R05418
4062	f	2981	R05421
3805	f	2982	R05422
3640	f	2984	R05424
3805	f	2985	R05425
3640	f	2986	R05426
3673	f	2986	R05426
4081	f	2989	R05434
4081	f	2990	R05439
4215	f	2992	R05441
3745	f	2993	R05444
3707	f	2996	R05448
3707	f	2998	R05450
3745	f	3011	R05488
3805	f	3014	R05495
3674	f	3015	R05497
3674	f	3016	R05498
3674	f	3017	R05499
3674	f	3018	R05500
3674	f	3019	R05501
3674	f	3020	R05502
3674	f	3021	R05503
3674	f	3022	R05504
3545	f	3023	R05506
2218	f	3028	R05511
3580	f	3031	R05521
3580	f	3032	R05522
1129	f	3033	R05526
2854	f	3037	R05548
3930	f	3043	R05558
2451	f	3044	R05559
2451	f	3045	R05560
3564	f	3046	R05563
3929	f	3048	R05569
3930	f	3050	R05572
2451	f	3051	R05573
3929	f	3052	R05574
3673	f	3053	R05575
3673	f	3054	R05576
3673	f	3055	R05581
3673	f	3056	R05582
3639	f	3057	R05585
3545	f	3058	R05586
3456	f	3061	R05590
4292	f	3062	R05591
3859	f	3066	R05595
3858	f	3068	R05597
3859	f	3070	R05599
3859	f	3071	R05600
3859	f	3072	R05601
3859	f	3073	R05602
2218	f	3086	R05618
4141	f	3093	R05627
4170	f	3096	R05632
4149	f	3103	R05642
1196	f	3104	R05643
4141	f	3108	R05647
1196	f	3110	R05649
3980	f	3116	R05655
2173	f	3117	R05658
1196	f	3120	R05663
1196	f	3121	R05664
4165	f	3123	R05666
3673	f	3124	R05668
4141	f	3125	R05669
3673	f	3131	R05678
3673	f	3132	R05679
3673	f	3133	R05680
3673	f	3134	R05681
3673	f	3135	R05682
3673	f	3136	R05683
3673	f	3137	R05684
3568	f	3138	R05685
3568	f	3139	R05686
3673	f	3140	R05687
3673	f	3142	R05689
3673	f	3143	R05690
3673	f	3144	R05691
3673	f	3145	R05692
3673	f	3146	R05693
3568	f	3147	R05696
1196	f	3148	R05697
1196	f	3150	R05699
1196	f	3151	R05700
1196	f	3152	R05701
3595	f	3161	R05719
3595	f	3162	R05720
3745	f	3168	R05729
3745	f	3169	R05730
3859	f	3190	R05772
4141	f	3196	R05779
3456	f	3199	R05783
2173	f	3200	R05784
4141	f	3201	R05789
4141	f	3203	R05791
1129	f	3213	R05812
3673	f	3216	R05823
3568	f	3218	R05827
4013	f	3222	R05835
2173	f	3227	R05842
3938	f	3231	R05861
3938	f	3232	R05862
3938	f	3233	R05863
3858	f	3234	R05864
2218	f	3239	R05880
3673	f	3244	R06117
3568	f	3246	R06126
3673	f	3248	R06166
3673	f	3250	R06180
3805	f	3251	R06265
3673	f	3252	R06266
1129	f	3257	R06272
3924	f	3275	R06352
3924	f	3276	R06353
3568	f	3277	R06355
3568	f	3278	R06356
1196	f	3279	R06357
1196	f	3280	R06366
3859	f	3283	R06369
3673	f	3285	R06376
3673	f	3286	R06377
3673	f	3287	R06378
3673	f	3288	R06379
3673	f	3289	R06382
3673	f	3290	R06383
3673	f	3291	R06384
3673	f	3292	R06385
4150	f	3293	R06386
4150	f	3294	R06387
4150	f	3295	R06388
4150	f	3296	R06389
2218	f	3297	R06390
2218	f	3298	R06391
3488	f	3303	R06398
3673	f	3304	R06399
4150	f	3305	R06400
3673	f	3306	R06405
3488	f	3307	R06406
1196	f	3308	R06407
1196	f	3309	R06408
3859	f	3312	R06411
3859	f	3313	R06412
3673	f	3314	R06413
3545	f	3315	R06414
1129	f	3317	R06417
1129	f	3318	R06419
1129	f	3319	R06420
3673	f	3329	R06438
4141	f	3368	R06520
4141	f	3369	R06521
3501	f	3372	R06530
4215	f	3394	R06572
4215	f	3395	R06573
4215	f	3401	R06579
3673	f	3407	R06594
3501	f	3415	R06614
3673	f	3417	R06621
4150	f	3418	R06622
3673	f	3424	R06633
3804	f	3439	R06688
3673	f	3440	R06689
3924	f	3441	R06690
3804	f	3442	R06691
3673	f	3443	R06692
2218	f	3453	R06728
2218	f	3454	R06729
3938	f	3460	R06740
4312	f	3469	R06784
3670	f	3469	R06784
2690.1	f	3469	R06784
3667	f	3469	R06784
4312	f	3470	R06785
3670	f	3470	R06785
2690.1	f	3470	R06785
3667	f	3470	R06785
4215	f	3471	R06786
4215	f	3472	R06787
3573	f	3508	R06830
3501	f	3508	R06830
3670	f	3510	R06832
2690.1	f	3510	R06832
3667	f	3510	R06832
4224.1	f	3511	R06833
2218	f	3513	R06835
2218	f	3515	R06838
4224.1	f	3516	R06839
1278	f	3517	R06840
3673	f	3518	R06846
3673	f	3519	R06847
4215	f	3520	R06851
4312	f	3525	R06857
3670	f	3525	R06857
2690.1	f	3525	R06857
3667	f	3525	R06857
4141	f	3531	R06870
4141	f	3532	R06871
3674	f	3533	R06876
3674	f	3534	R06877
3674	f	3535	R06878
3674	f	3536	R06879
3862	f	3537	R06883
3924	f	3538	R06884
141	f	3539	R06885
1376	f	3540	R06886
3862	f	3541	R06888
3805	f	3543	R06890
3673	f	3544	R06891
3824	f	3545	R06892
2218	f	3546	R06893
1129	f	3547	R06896
3858	f	3548	R06897
3524	f	3551	R06905
3859	f	3552	R06906
3673	f	3553	R06907
2690.3	f	3556	R06910
2690.2	f	3556	R06910
4149	f	3558	R06912
1196	f	3560	R06914
4170	f	3561	R06915
3571	f	3562	R06916
3568	f	3563	R06917
1196	f	3564	R06918
2690.3	f	3566	R06920
2690.2	f	3566	R06920
4149	f	3568	R06922
1196	f	3570	R06924
3151	f	3571	R06925
3571	f	3572	R06926
3568	f	3573	R06927
1196	f	3574	R06928
2690.3	f	3576	R06931
2690.2	f	3576	R06931
4149	f	3578	R06933
1196	f	3580	R06935
4170	f	3581	R06936
4170	f	3583	R06939
4013	f	3584	R06940
3907	f	3584	R06940
3673	f	3585	R06941
3859	f	3586	R06942
1196	f	3594	R06957
3930	f	3598	R06966
3929	f	3599	R06967
3929	f	3600	R06969
3929	f	3601	R06970
3929	f	3602	R06971
2451	f	3603	R06972
1196	f	3610	R06980
1129	f	3613	R06985
2982	f	3614	R06987
3718	f	3615	R06988
2173	f	3622	R07013
2173	f	3623	R07014
2690.3	f	3624	R07015
2690.2	f	3624	R07015
2173	f	3629	R07027
2173	f	3630	R07031
2173	f	3632	R07036
2173	f	3633	R07037
2173	f	3639	R07044
2173	f	3640	R07045
3805	f	3644	R07054
3673	f	3646	R07058
2173	f	3655	R07071
2173	f	3656	R07072
2173	f	3658	R07082
3745	f	3662	R07089
3673	f	3669	R07104
2173	f	3672	R07108
2173	f	3673	R07109
2173	f	3674	R07110
2173	f	3675	R07111
2173	f	3679	R07121
2173	f	3680	R07122
3673	f	3686	R07136
3673	f	3687	R07137
3673	f	3688	R07138
3673	f	3690	R07141
3673	f	3691	R07142
3673	f	3695	R07147
3673	f	3697	R07151
1196	f	3699	R07156
3938	f	3700	R07164
3938	f	3701	R07165
3938	f	3703	R07170
3707	f	3715	R07191
3745	f	3716	R07194
4163.2	f	3722	R07221
4141	f	3753	R07280
4141	f	3761	R07298
4013	f	3762	R07300
4013	f	3763	R07301
4013	f	3765	R07303
3907	f	3765	R07303
3744	f	3768	R07311
2218	f	3786	R07342
4141	f	3801	R07394
4141	f	3802	R07395
3938	f	3805	R07400
4013	f	3806	R07402
3573	f	3809	R07406
3501	f	3809	R07406
3938	f	3815	R07415
1196	f	3817	R07417
1196	f	3818	R07418
4013	f	3819	R07419
1129	f	3821	R07429
2218	f	3824	R07433
4215	f	3825	R07436
4215	f	3827	R07440
1196	f	3828	R07441
1196	f	3829	R07442
3673	f	3830	R07444
1129	f	3832	R07447
3804	f	3833	R07448
3673	f	3834	R07449
4150	f	3841	R07471
1129	f	3847	R07483
1129	f	3849	R07487
1129	f	3850	R07488
1129	f	3852	R07492
1129	f	3853	R07493
1129	f	3856	R07498
1129	f	3857	R07499
1129	f	3864	R07507
2218	f	3867	R07513
3077	f	3868	R07515
3078	f	3868	R07515
3803	f	3886	R07554
3803	f	3887	R07556
4141	f	3889	R07582
4141	f	3890	R07583
2173	f	3892	R07597
3938	f	3893	R07598
2173	f	3898	R07627
4013	f	3899	R07629
3501	f	3909	R07650
4013	f	3918	R07662
3907	f	3918	R07662
3411	f	3919	R07663
3571	f	3921	R07665
1196	f	3922	R07666
1196	f	3923	R07667
4141	f	3929	R07674
2218	f	3934	R07680
4173	f	3935	R07682
4173	f	3936	R07683
4173	f	3941	R07698
4173	f	3942	R07699
4171	f	3943	R07700
2690.3	f	3948	R07705
2690.2	f	3948	R07705
4168	f	3949	R07706
3707	f	3950	R07709
3707	f	3951	R07710
4215	f	3952	R07711
3718	f	3963	R07730
1206	f	3965	R07734
1129	f	3980	R07761
3674	f	3987	R07781
3456	f	3988	R07782
4171	f	3989	R07793
3674	f	3990	R07794
3670	f	3999	R07804
2690.1	f	3999	R07804
3667	f	3999	R07804
4215	f	4000	R07826
3442	f	4003	R07829
3577	f	4005	R07831
4292	f	4013	R07855
3673	f	4038	R07890
3673	f	4042	R07894
3673	f	4046	R07898
3673	f	4078	R07936
4136	f	4082	R07942
3938	f	4083	R07943
3673	f	4087	R07952
3938	f	4089	R07954
4301	f	4089	R07954
3938	f	4090	R07955
4301	f	4090	R07955
3938	f	4091	R07956
4301	f	4091	R07956
3938	f	4092	R07957
4301	f	4092	R07957
3938	f	4093	R07958
4301	f	4093	R07958
3938	f	4094	R07959
3938	f	4095	R07960
3938	f	4096	R07961
4301	f	4096	R07961
3938	f	4097	R07962
4301	f	4097	R07962
3938	f	4098	R07963
3938	f	4099	R07964
3938	f	4100	R07965
3938	f	4101	R07966
3938	f	4102	R07967
4301	f	4102	R07967
3938	f	4103	R07968
4301	f	4103	R07968
3938	f	4104	R07969
4301	f	4104	R07969
3938	f	4105	R07970
4301	f	4105	R07970
3938	f	4106	R07971
3938	f	4107	R07972
3938	f	4108	R07973
4301	f	4108	R07973
3938	f	4109	R07974
4301	f	4109	R07974
3938	f	4110	R07975
4301	f	4110	R07975
3938	f	4111	R07976
4301	f	4111	R07976
4136	f	4112	R07977
4136	f	4113	R07978
4136	f	4114	R07979
3673	f	4123	R07998
3673	f	4124	R07999
1206	f	4132	R08016
1206	f	4133	R08018
1206	f	4134	R08019
1206	f	4137	R08035
1206	f	4139	R08043
4013	f	4147	R08060
3907	f	4147	R08060
3568	f	4152	R08083
3568	f	4153	R08084
3568	f	4154	R08085
1196	f	4155	R08086
3943	f	4158	R08090
3394	f	4158	R08090
3545	f	4159	R08091
3859	f	4161	R08093
3673	f	4162	R08094
3545	f	4163	R08095
3670	f	4171	R08105
2690.1	f	4171	R08105
3667	f	4171	R08105
3469.1	f	4175	R08111
2685	f	4175	R08111
3469.1	f	4177	R08113
2685	f	4177	R08113
4224.1	f	4178	R08114
4224.1	f	4179	R08115
3668	f	4182	R08118
3469.1	f	4187	R08123
2685	f	4187	R08123
3924	f	4194	R08142
3924	f	4195	R08143
4141	f	4196	R08144
1196	f	4197	R08146
2218	f	4199	R08149
2218	f	4200	R08150
3673	f	4230	R08194
3673	f	4234	R08198
3568	f	4239	R08204
4150	f	4240	R08205
1196	f	4242	R08211
4013	f	4250	R08227
3564	f	4251	R08228
4141	f	4264	R08243
3938	f	4281	R08268
3938	f	4282	R08269
3805	f	4284	R08271
3938	f	4285	R08272
3805	f	4287	R08274
1196	f	4292	R08282
1196	f	4293	R08283
4013	f	4294	R08295
4013	f	4295	R08300
4165	f	4296	R08303
3580	f	4297	R08304
3568	f	4298	R08306
1196	f	4299	R08307
2173	f	4302	R08314
3564	f	4303	R08318
3938	f	4309	R08341
3938	f	4310	R08342
3938	f	4312	R08345
3938	f	4313	R08346
3938	f	4314	R08347
3938	f	4315	R08348
1196	f	4316	R08349
4013	f	4317	R08350
4013	f	4318	R08351
3568	f	4331	R08379
3568	f	4332	R08380
3568	f	4334	R08382
3568	f	4335	R08383
1196	f	4336	R08384
1196	f	4337	R08385
4141	f	4338	R08396
2218	f	4350	R08462
4141	f	4362	R08529
3673	f	4374	R08544
4141	f	4378	R08548
3568	f	4381	R08557
3568	f	4382	R08558
3673	f	4387	R08573
3648	f	4390	R08579
2218	f	4396	R08600
2218	f	4397	R08601
4141	f	4406	R08615
4141	f	4434	R08658
4141	f	4448	R08697
3805	f	4458	R08727
1129	f	4474	R08754
1129	f	4475	R08755
1129	f	4476	R08756
3568	f	4477	R08758
3568	f	4478	R08759
3079	f	4479	R08764
4163	f	4500	R08838
4013	f	4504	R08850
3805	f	4505	R08851
3673	f	4506	R08852
3805	f	4507	R08853
3673	f	4508	R08854
3673	f	4521	R08878
3673	f	4522	R08879
3673	f	4523	R08880
3673	f	4527	R08892
4013	f	4530	R08895
3568	f	4531	R08896
4141	f	4534	R08899
4013	f	4536	R08901
3568	f	4537	R08902
3568	f	4541	R08914
3568	f	4542	R08915
3673	f	4543	R08916
3673	f	4544	R08917
3673	f	4545	R08918
3673	f	4546	R08919
4150	f	4548	R08925
3673	f	4549	R08926
3805	f	4558	R08943
3673	f	4559	R08945
1129	f	4564	R08954
3673	f	4568	R08958
3673	f	4569	R08959
2218	f	4580	R08975
3573	f	4581	R08976
2218	f	4584	R08979
3673	f	4585	R08980
4141	f	4586	R08982
3805	f	4591	R08990
4141	f	4592	R08991
4141	f	4593	R08993
3673	f	4603	R09055
2218	f	4607	R09068
3568	f	4608	R09069
3568	f	4609	R09070
3938	f	4610	R09074
3938	f	4611	R09075
3938	f	4612	R09076
3938	f	4613	R09077
3501	f	4617	R09081
3501	f	4618	R09082
1196	f	4625	R09097
3805	f	4628	R09102
3673	f	4629	R09103
2218	f	4631	R09105
4013	f	4633	R09107
3924	f	4634	R09108
3568	f	4635	R09109
3924	f	4637	R09112
3568	f	4638	R09113
4185	f	4647	R09125
4013	f	4648	R09126
3907	f	4648	R09126
3670	f	4652	R09132
2690.1	f	4652	R09132
3667	f	4652	R09132
3670	f	4653	R09133
2690.1	f	4653	R09133
3667	f	4653	R09133
4224.1	f	4654	R09134
2218	f	4656	R09136
3924	f	4661	R09148
3568	f	4662	R09149
1196	f	4663	R09150
3674	f	4665	R09154
3674	f	4666	R09155
2690.4	f	4671	R09162
3151	f	4673	R09164
2798	f	4673	R09164
2173	f	4677	R09168
2690.3	f	4684	R09183
2690.2	f	4684	R09183
3805	f	4692	R09198
2690.4	f	4695	R09205
4224.2	f	4696	R09206
3151	f	4697	R09207
2798	f	4697	R09207
3151	f	4698	R09208
2798	f	4698	R09208
2173	f	4701	R09211
2690.4	f	4702	R09212
3670	f	4703	R09213
2690.1	f	4703	R09213
3667	f	4703	R09213
4224.1	f	4704	R09214
2690.4	f	4706	R09216
2218	f	4710	R09220
2218	f	4712	R09222
3674	f	4713	R09223
1129	f	4714	R09224
2218	f	4715	R09226
3670	f	4717	R09228
2690.1	f	4717	R09228
3667	f	4717	R09228
4168	f	4719	R09233
3557	f	4721	R09236
3568	f	4734	R09281
3717	f	4737	R09284
3568	f	4739	R09289
3673	f	4750	R09334
2218	f	4752	R09337
4013	f	4767	R09374
3907	f	4767	R09374
3488	f	4772	R09385
2173	f	4773	R09387
3673	f	4774	R09388
3488	f	4775	R09389
4150	f	4776	R09390
4149	f	4777	R09391
4149	f	4778	R09392
3488	f	4779	R09393
3580	f	4786	R09405
2173	f	4790	R09410
2173	f	4792	R09417
3571	f	4796	R09441
2173	f	4798	R09443
3568	f	4800	R09448
3582	f	4801	R09453
3582	f	4802	R09454
3568	f	4803	R09455
3568	f	4804	R09456
1196	f	4805	R09457
1196	f	4806	R09458
1196	f	4807	R09459
3582	f	4809	R09461
2173	f	4810	R09464
2173	f	4811	R09465
3568	f	4814	R09478
3573	f	4815	R09483
3151	f	4817	R09488
3938	f	4818	R09495
4263	f	4819	R09498
4081	f	4820	R09512
4141	f	4836	R09532
4013	f	4839	R09535
4013	f	4840	R09536
3456	f	4841	R09537
4141	f	4842	R09538
3151	f	4843	R09539
3673	f	4844	R09544
2448	f	4847	R09553
4082	f	4847	R09553
1196	f	4848	R09554
1196	f	4851	R09557
3814	f	4855	R09562
4224.1	f	4857	R09565
1382	f	4865	R09586
3456	f	4911	R09647
3456	f	4912	R09648
3456	f	4913	R09649
3456	f	4914	R09650
4013	f	4915	R09651
4013	f	4917	R09657
4159	f	4919	R09661
4141	f	4920	R09664
3456	f	4929	R09680
2218	f	4960	R09723
2218	f	4961	R09724
2844	f	4968	R09738
3583	f	4984	R09761
3583	f	4985	R09762
4141	f	4992	R09771
1196	f	4999	R09783
3814	f	5002	R09786
3151	f	5009	R09794
3151	f	5010	R09795
3319	f	5014	R09800
4013	f	5015	R09801
1196	f	5019	R09805
3568	f	5020	R09806
3568	f	5021	R09807
4170	f	5026	R09818
1196	f	5028	R09820
4141	f	5033	R09828
3938	f	5035	R09830
4141	f	5037	R09832
4141	f	5038	R09833
4141	f	5039	R09834
3361	f	5040	R09836
3803	f	5054	R09867
3803	f	5055	R09868
4013	f	5060	R09875
4141	f	5062	R09877
4141	f	5063	R09880
4141	f	5064	R09881
4141	f	5065	R09882
3568	f	5100	R09926
3568	f	5102	R09928
3673	f	5105	R09932
3673	f	5106	R09933
3805	f	5107	R09935
3564	f	5117	R09947
3564	f	5118	R09948
3564	f	5119	R09949
3564	f	5120	R09950
3673	f	5121	R09951
3673	f	5123	R09953
3673	f	5124	R09954
3673	f	5126	R09956
3673	f	5127	R09957
3573	f	5128	R09958
3564	f	5150	R09980
3673	f	5152	R09984
3673	f	5153	R09985
3673	f	5154	R09986
3673	f	5155	R09987
3673	f	5156	R09988
3673	f	5157	R09989
3938	f	5171	R10012
3673	f	5172	R10020
3673	f	5173	R10021
4215	f	5184	R10043
4150	f	5185	R10044
3803	f	5186	R10045
3577	f	5190	R10051
3673	f	5192	R10053
3938	f	5212	R10101
3938	f	5213	R10102
3938	f	5214	R10103
1196	f	5215	R10105
4187	f	5217	R10110
3673	f	5219	R10112
3673	f	5220	R10113
3673	f	5221	R10114
3568	f	5222	R10125
3568	f	5223	R10126
3568	f	5225	R10128
3673	f	5226	R10130
2218	f	5230	R10134
2218	f	5231	R10135
3673	f	5234	R10140
4150	f	5240	R10154
4150	f	5241	R10155
3673	f	5242	R10156
2982	f	5258	R10181
4141	f	5263	R10186
4141	f	5264	R10187
3673	f	5266	R10190
4141	f	5276	R10205
3568	f	5278	R10207
4266	f	5279	R10211
4141	f	5290	R10235
3814	f	5342	R10301
3568	f	5347	R10308
3673	f	5348	R10309
3673	f	5349	R10310
3673	f	5350	R10311
4141	f	5363	R10344
4141	f	5364	R10345
3805	f	5370	R10357
3673	f	5371	R10358
3580	f	5372	R10359
3580	f	5373	R10362
3580	f	5375	R10366
3803	f	5378	R10373
3859	f	5383	R10393
3859	f	5386	R10396
2218	f	5387	R10398
2218	f	5390	R10401
3568	f	5395	R10412
3673	f	5398	R10417
3673	f	5401	R10420
3673	f	5402	R10421
3673	f	5403	R10422
3673	f	5404	R10423
3575	f	5437	R10467
4141	f	5444	R10486
3673	f	5455	R10504
3673	f	5456	R10505
3673	f	5461	R10519
3673	f	5462	R10520
2218	f	5480	R10545
4141	f	5481	R10546
4141	f	5482	R10547
3673	f	5496	R10573
3361	f	5502	R10583
1196	f	5521	R10615
4141	f	5524	R10622
3943	f	5550	R10674
4013	f	5557	R10687
4013	f	5558	R10688
2218	f	5559	R10689
3673	f	5560	R10690
3577	f	5561	R10691
3859	f	5564	R10696
3026	f	5565	R10697
3673	f	5570	R10703
2218	f	5572	R10705
3673	f	5577	R10715
3673	f	5578	R10717
3568	f	5580	R10719
4215	f	5581	R10721
4141	f	5601	R10748
4013	f	5603	R10752
4013	f	5619	R10777
3673	f	5626	R10785
3673	f	5654	R10841
3673	f	5655	R10842
3673	f	5662	R10851
3568	f	5664	R10853
3673	f	5666	R10855
3673	f	5668	R10857
1196	f	5669	R10860
3583	f	5674	R10875
3580	f	5676	R10877
3501	f	5681	R10887
4013	f	5682	R10891
3673	f	5693	R10907
3673	f	5697	R10917
3673	f	5698	R10918
3673	f	5699	R10919
3859	f	5711	R10945
4141	f	5716	R10950
4141	f	5732	R10972
4141	f	5733	R10973
3744	f	5734	R10974
2218	f	5735	R10980
3568	f	5736	R10981
1196	f	5737	R10982
2218	f	5738	R10983
3568	f	5740	R10985
4013	f	5760	R11021
3673	f	5767	R11035
3673	f	5768	R11036
3707	f	5781	R11056
1129	f	5803	R11096
4141	f	5808	R11104
3673	f	5818	R11144
3673	f	5819	R11145
3673	f	5820	R11146
3673	f	5821	R11147
4141	f	5837	R11173
3938	f	5841	R11177
4141	f	5842	R11180
4013	f	5843	R11181
3854	f	5849	R11189
4013	f	5850	R11190
1196	f	5853	R11195
4170	f	5854	R11197
4170	f	5855	R11198
4141	f	5869	R11240
2218	f	5871	R11242
4141	f	5873	R11251
3577	f	5874	R11257
3673	f	5877	R11265
3568	f	5879	R11267
3568	f	5880	R11268
3568	f	5885	R11273
4141	f	5891	R11281
4013	f	5893	R11283
3568	f	5894	R11284
3673	f	5899	R11290
4013	f	5908	R11313
3907	f	5908	R11313
4141	f	5910	R11323
3530	f	5918	R11334
3673	f	5919	R11336
3673	f	5920	R11337
3568	f	5921	R11338
3673	f	5922	R11339
3673	f	5924	R11341
3673	f	5925	R11342
3707	f	5927	R11347
3707	f	5928	R11348
1196	f	5929	R11350
1196	f	5930	R11351
3151	f	5932	R11353
3673	f	5941	R11380
3568	f	5942	R11381
3805	f	5954	R11401
4141	f	5972	R11440
3582	f	5975	R11446
3924	f	5976	R11447
3582	f	5977	R11448
3361	f	5988	R11463
1129	f	5995	R11474
3673	f	6008	R11500
2218	f	6038	R11541
4141	f	6044	R11551
4013	f	6048	R11561
3938	f	6063	R11604
3456	f	6068	R11617
3673	f	6084	R11637
925	f	6086	R11639
925	f	6087	R11641
4215	f	6088	R11653
3938	f	6089	R11655
1196	f	6092	R11677
1196	f	6093	R11678
2218	f	6101	R11693
2218	f	6102	R11694
3673	f	6103	R11696
3673	f	6131	R11763
3673	f	6132	R11764
1196	f	6134	R11768
3673	f	6135	R11770
3577	f	6136	R11771
4141	f	6143	R11785
4013	f	6148	R11793
4013	f	6149	R11794
4013	f	6150	R11795
3938	f	6153	R11805
2552	f	6204	R11875
3673	f	6205	R11877
4013	f	6211	R11889
4141	f	6216	R11896
3745	f	6219	R11901
4013	f	6221	R11903
2552	f	6222	R11911
3501	f	6230	R11932
3673	f	6251	R11996
4013	f	6266	R12024
3670	f	6267	R12025
2690.1	f	6267	R12025
3667	f	6267	R12025
4141	f	6306	R12114
4141	f	6308	R12125
1129	f	6310	R12141
4187	f	6312	R12147
2218	f	6316	R12155
3673	f	6317	R12156
2218	f	6326	R12196
2218	f	6327	R12198
2218	f	6328	R12199
4141	f	6329	R12201
4141	f	6330	R12203
2218	f	6331	R12204
1196	f	6339	R12215
3938	f	6346	R12237
3673	f	6356	R12252
3673	f	6358	R12256
1196	f	6366	R12265
3573	f	6380	R12303
3501	f	6381	R12304
3501	f	6382	R12305
3501	f	6386	R12309
4180	f	6391	R12319
4263	f	6392	R12320
3564	f	6396	R12333
4141	f	6406	R12345
4141	f	6407	R12346
3924	f	6413	R12357
3568	f	6414	R12358
1196	f	6415	R12359
2218	f	6429	R12390
2218	f	6430	R12391
3673	f	6434	R12402
2218	f	6468	R12473
2218	f	6469	R12474
2218	f	6471	R12476
3673	f	6472	R12483
3673	f	6473	R12484
3151	f	6475	R12486
3673	f	6484	R12502
4013	f	6493	R12513
2218	f	6494	R12515
2218	f	6495	R12516
1129	f	6496	R12517
1129	f	6497	R12518
4141	f	6503	R12531
4141	f	6504	R12532
4141	f	6505	R12533
4141	f	6522	R12559
4141	f	6526	R12564
4141	f	6533	R12587
4141	f	6535	R12589
4141	f	6538	R12595
3573	f	6545	R12609
3501	f	6545	R12609
3573	f	6546	R12610
3501	f	6546	R12610
4215	f	6547	R12611
3564	f	6558	R12623
3564	f	6559	R12624
3564	f	6560	R12625
4013	f	6564	R12635
4141	f	6568	R12641
